{
    "variants": {
        "distance=1": [
		{ "model": "block/flowering_azalea_leaves_bushy" }, 
		{ "model": "block/flowering_azalea_leaves_bushy1"}
		],
        "distance=2": [
		{ "model": "block/flowering_azalea_leaves_bushy" }, 
		{ "model": "block/flowering_azalea_leaves_bushy1"}
		],
        "distance=3": [
        { "model": "block/flowering_azalea_leaves_bushy" }, 
		{ "model": "block/flowering_azalea_leaves_bushy1"}
		],
        "distance=4": [
        { "model": "block/flowering_azalea_leaves_bushy" }, 
		{ "model": "block/flowering_azalea_leaves_bushy1"}
		],
        "distance=5": [
        { "model": "block/flowering_azalea_leaves_bushy" }, 
		{ "model": "block/flowering_azalea_leaves_bushy1"}
		],
        "distance=6": [
        { "model": "block/flowering_azalea_leaves_bushy" }, 
		{ "model": "block/flowering_azalea_leaves_bushy1"}
		],
        "distance=7": [
        { "model": "block/flowering_azalea_leaves_bushy" }, 
		{ "model": "block/flowering_azalea_leaves_bushy1"}
		]
    }
}
